product_name,category,price,sku,stock_quantity,release_date,manufacturer,warranty_period,rating,is_available
Pass Anyone,Sports,200.51,ebb256d1-2b44-4324-ae40-3b87ce624c08,2749,2020-12-04,"Oneal, Thompson and Lyons",2 years,3.3,No
Operation Tree,Home & Kitchen,51.27,947e2f54-e30c-4960-8e95-1751c6fdf096,2167,2021-09-27,"Johnson, Hall and Melendez",1 year,3.4,No
Fast Player,Beauty,43.28,d127b651-8952-422e-9fee-bff8f6506a23,3235,2024-09-04,Torres-Jones,2 years,4.0,Yes
Build Light,Home & Kitchen,222.4,baf01d8b-7bc2-4ce1-84af-7a7d7c352ef2,3566,2023-01-09,Monroe-West,6 months,1.5,Yes
Language Artist,Home & Kitchen,504.32,4fb69288-b027-4595-a670-02b43617d0c7,3934,2024-03-12,"Smith, Smith and Fox",3 years,3.2,Yes
Particularly Investment,Clothing,606.21,663f096b-ad71-4c98-b62f-6a574d4ff33d,2242,2020-04-29,Rose Inc,6 months,3.0,No
Cut Ok,Home & Kitchen,378.66,b31bc30b-b8d2-4f38-b34d-a4224e745c3a,4888,2024-03-19,Parker Group,3 years,3.5,No
Yet Bit,Clothing,76.3,7fbbfa45-b929-4e76-8fe9-c29aff4563fa,3883,2024-09-30,Estrada Inc,1 year,2.4,Yes
Product Interesting,Sports,471.15,c56b38e9-7977-4cfd-9020-57d2a1586136,512,2022-12-28,"Reynolds, Rivera and Ramirez",1 year,4.5,No
Real Thus,Clothing,407.35,47c436a0-193a-4d4d-aa86-68368456daad,1489,2020-07-11,Moran-Smith,2 years,3.1,Yes
Item Throughout,Beauty,644.38,284cb073-b3aa-4114-a8b7-64f6baf147c5,2923,2020-12-30,"Sanford, Henry and Romero",1 year,2.2,No
Company Measure,Home & Kitchen,240.18,2a209020-49f1-492e-a887-e7855610a912,1170,2024-04-07,Case-Thompson,6 months,3.5,No
Provide Candidate,Electronics,424.88,6eb8a8e6-7efd-438d-a13b-762f7e6cc2db,1951,2023-09-23,Rodriguez-Phillips,2 years,1.0,No
Hard Crime,Clothing,453.29,39de1e94-4d75-4f2b-8be1-76f8161bca3b,3761,2022-06-29,"Johnson, Herring and Mendoza",3 years,1.2,No
Appear Cup,Electronics,919.68,3fc409c9-1750-4556-9f4c-505e066b6ee2,47,2020-09-21,Holt and Sons,2 years,2.4,No
Must Think,Sports,369.2,d1f2b445-485a-43e5-b69c-04517d90d887,3906,2020-10-11,"Woods, Peterson and Keller",2 years,3.0,Yes
Blood Fish,Electronics,468.88,d03426f7-2a6c-4722-a651-b0302d411631,1053,2025-02-16,"Anderson, Moore and Luna",2 years,2.6,Yes
Deal Military,Home & Kitchen,431.98,e7ab1320-cc51-4eb1-8192-21daf345a55e,4392,2021-10-29,"Navarro, Davis and Dyer",1 year,3.2,No
Next Ago,Home & Kitchen,69.28,a9f98831-6943-4f48-94ac-0eb6130adac0,2610,2020-11-24,Gregory Ltd,2 years,3.3,No
All Expect,Home & Kitchen,619.62,a28a8a5c-1bf5-4912-a394-05ceb3b2d980,453,2022-03-07,Moore-Rivera,1 year,2.3,No
Large Scene,Beauty,810.11,c0aaf0aa-c0bc-4547-9fe9-dc0fb8be0f2d,701,2021-07-04,Smith-Jenkins,3 years,3.0,No
Worker Yourself,Electronics,977.46,26070076-7d5c-4ac7-b8c9-e25af755b0c5,3734,2024-01-12,Jimenez and Sons,2 years,1.1,Yes
Decade Others,Home & Kitchen,48.02,f9a4ddd3-690b-4952-9b31-e98d69b3ab69,2401,2022-01-08,Whitehead PLC,2 years,2.2,Yes
Cut Compare,Sports,495.34,eab12248-051e-40d6-ad00-2ea669f51d4d,903,2020-12-29,Davidson-Williams,1 year,2.8,Yes
Ahead Soon,Electronics,381.02,1d56814d-12cf-4a5e-b10e-e21a95e7263a,3660,2021-12-26,Wong-Allen,1 year,1.5,Yes
Series Take,Clothing,647.71,989625b0-df4c-42a9-8668-cb6c960a31cc,32,2022-07-06,Vazquez Group,3 years,2.9,No
Live Hope,Sports,379.6,99e9e171-f274-45f0-9fe5-471d8f50731a,288,2020-07-07,Norman-Willis,6 months,1.4,No
Idea Focus,Home & Kitchen,944.29,c0b718fe-05e3-44a8-9342-52f42f4651bf,2101,2023-08-15,"Mcmillan, Gates and Saunders",6 months,4.7,Yes
Respond Rise,Beauty,423.35,c4ce79d0-03a9-4220-9a06-7b6f7fee1425,2494,2021-05-25,Stevenson-Bennett,6 months,4.3,No
Should Nature,Sports,179.44,d04837b0-5a79-45b9-95ae-449da662a7f7,3296,2023-04-26,Valdez Ltd,3 years,1.8,No
Enough Whose,Beauty,846.83,a341e25d-d262-4b5f-8e2d-3b2de24b975c,1096,2022-06-08,"Adams, Harris and Mcmahon",2 years,1.7,No
Soon Bad,Home & Kitchen,397.9,2b306fd5-18ef-4fca-918a-b5937f74bcfd,1932,2023-05-26,Stephens Ltd,1 year,2.2,Yes
Argue Defense,Home & Kitchen,355.7,8d77f831-c0f3-4776-a2a8-381985bd2645,3658,2025-01-13,Oneill Inc,1 year,2.2,Yes
Firm Nice,Clothing,426.73,6d16aa91-39df-41e2-9392-0f353a0748fe,115,2021-07-07,"Mills, Riggs and Taylor",1 year,4.5,No
Fund Purpose,Electronics,328.44,0aac8165-223b-4456-ae98-49c741cd78d4,3824,2022-01-07,Love PLC,2 years,4.3,No
Order National,Beauty,604.75,06076f04-5f98-4d9e-af56-a8f3ba2974a1,3620,2023-10-25,Williams-Jones,3 years,2.9,Yes
Turn Describe,Electronics,993.53,0bae0386-b0c8-46b5-9db9-327ad26ff98a,2055,2020-12-14,"Everett, Kennedy and Young",3 years,2.7,Yes
Drive Number,Clothing,407.53,d0cd3970-2492-4262-b6d5-86b746a6f35c,1650,2020-11-13,Moon LLC,2 years,2.9,No
Country Alone,Sports,124.03,776255f5-cd4a-4736-9ecc-6ee461406478,3446,2022-11-25,Bright-Boyd,6 months,1.6,No
They Any,Home & Kitchen,466.3,1c8cfe4e-d7e7-451c-a801-086836ae2346,263,2024-07-24,Coleman Group,6 months,2.4,Yes
Financial Language,Clothing,313.59,cef8b574-dcc4-48c4-9849-2f7c27564fff,4430,2021-04-30,Shaw PLC,2 years,2.4,No
Scene Amount,Electronics,333.35,bce88c24-5e28-4516-b0a8-4c1a500d2bff,1265,2022-05-13,Wade Inc,2 years,1.2,Yes
Administration Almost,Sports,835.49,5c59a045-68ab-4199-a7e9-67c880cae7ea,694,2022-03-09,Cooke-Hardy,2 years,2.8,No
Decide Step,Clothing,874.46,678d649a-f7a6-49eb-9ec6-981837599f4f,1383,2023-02-15,"Chaney, Green and Lynch",2 years,4.1,Yes
National Section,Sports,933.82,606ecfec-83c3-4916-9a21-eea580f359e5,1317,2025-01-21,Smith-Franklin,3 years,4.6,No
Good Radio,Home & Kitchen,328.58,76fc3067-8760-4345-8179-3b8fa16ca9d5,997,2021-08-03,"Hernandez, Cox and Bowen",1 year,3.9,No
Quickly Issue,Electronics,729.14,960a2d35-ea66-4b81-aee7-4acb60fc6788,2772,2021-03-04,"Jordan, Stevens and Martin",6 months,3.5,Yes
Single Pattern,Electronics,659.04,bc8c71f8-9397-4853-8e30-8b3a853b6a68,1406,2024-11-14,Mccarthy Group,3 years,1.7,Yes
Fact Try,Home & Kitchen,582.81,94df2374-7932-4533-9ff1-e4655160ecd0,3972,2023-11-21,Shaw PLC,3 years,3.6,No
Laugh Determine,Electronics,873.22,f3f47aef-2b5b-4fd2-8ddc-4cfa7f0e4280,1272,2024-02-18,Galvan Ltd,2 years,3.3,Yes
Shake Owner,Beauty,970.97,c7f1b862-c96b-4730-a919-004b05d3a551,394,2024-10-28,Jordan LLC,3 years,2.0,No
Source Family,Beauty,587.38,64747608-4a37-4443-b440-b0a8d445ace0,552,2024-02-14,"Porter, Meadows and Jones",3 years,3.3,No
Live Movie,Home & Kitchen,171.35,32c42208-b6f7-42c1-ae6d-ea59a6d95e8d,4676,2023-11-13,Wilson Inc,6 months,3.2,Yes
Very Staff,Home & Kitchen,724.24,0c21b849-35cd-4fe5-a8e2-df01844b745a,4128,2024-02-03,Williams PLC,1 year,2.8,Yes
According Plan,Sports,783.84,7ac0c741-0d2a-486b-a309-75b9b3b7bceb,2048,2023-08-01,"Cochran, Simmons and Warren",2 years,1.6,Yes
Require Method,Home & Kitchen,821.4,38e6fd40-63f7-4e0b-85ee-7dbc2c921fa9,3636,2021-12-27,Short LLC,2 years,4.4,Yes
Senior Suffer,Beauty,779.29,5a8d010f-5ea2-4af7-a532-fa80dfdde65a,192,2020-07-24,Bell-Wallace,3 years,4.2,No
Market Know,Beauty,716.01,0aae089b-f906-4a29-be41-6dc2e4ecfaf2,3365,2022-03-27,Foley-Jennings,3 years,2.2,No
Life However,Beauty,677.93,a82dfd77-26fe-4e51-90e7-f48c2eb68723,1649,2022-06-07,"Atkinson, Martin and Hartman",2 years,4.9,Yes
Year Stay,Sports,806.77,4e0e81f6-631b-49eb-a330-3b906737b3ed,605,2022-08-29,"Valentine, Bruce and Beck",3 years,3.4,No
Situation Film,Beauty,405.42,e0313db2-7a49-48f7-85ea-c161a6b8852a,1983,2024-03-14,Carpenter Inc,6 months,1.0,No
Represent Value,Sports,638.09,f8aa9fc4-ad1f-4e2b-82a0-f9e8600c6aa2,2388,2021-09-01,"Barnett, Peck and Brown",6 months,4.1,Yes
Suddenly Simple,Sports,469.1,e58ccc8e-554c-432e-b452-169782e49096,3528,2025-02-27,"Wood, Brown and Werner",2 years,3.3,Yes
This Society,Sports,966.98,47732919-93c4-400a-a998-b1a2b85d0d15,2814,2023-06-09,Anderson-Young,2 years,4.7,Yes
Able Administration,Clothing,438.78,b51eafbb-5420-4b94-b0a4-18e3dbb5561f,3461,2022-02-18,"Rodriguez, Kramer and Fernandez",1 year,2.4,No
There By,Clothing,568.88,0d0f6727-6baf-4079-996f-ab3b9c8732e4,2312,2023-07-18,Evans PLC,2 years,4.4,No
Physical Tv,Electronics,435.19,ab0cdaed-5fb1-4492-8337-daab40ed1761,3496,2024-01-16,"Carpenter, Stewart and Davis",2 years,3.3,Yes
Technology Despite,Electronics,618.56,44f26f0f-deae-4f13-b1e2-b9a08c02752c,817,2020-03-09,Smith-Wong,2 years,4.6,Yes
Boy Would,Clothing,399.01,597d7a11-4414-4278-82a2-e67a1405d1cc,4280,2023-01-10,Hernandez Inc,2 years,4.5,No
Within Score,Home & Kitchen,896.69,572a3e59-0dfd-4f77-9a91-8403a9d40886,4158,2023-04-25,Church-Nixon,3 years,3.7,No
Nothing Listen,Electronics,611.69,b223ed79-e03f-4dc7-b8d0-d13a3c7c2589,2352,2020-03-09,Thomas-Gould,3 years,2.4,No
Throughout Manage,Clothing,156.96,f8133eda-704b-4db0-a1ac-ba65c8c52ec7,4985,2022-06-26,Osborne-Mcgee,6 months,2.3,No
Window Example,Sports,222.7,7b50ce29-55df-47ce-acd8-bf322a453e44,771,2020-11-05,Wilson-Powell,1 year,3.5,No
Wife Because,Beauty,928.26,602b3d8d-2f82-4924-bae6-0babd1163dbf,2534,2022-12-07,Weaver-Gross,3 years,2.8,Yes
Evidence Safe,Beauty,254.88,6acc4e2b-5c12-4ee2-bcdf-fa2e149088d0,3224,2024-08-18,"Norman, Nelson and Harrison",1 year,4.8,Yes
Serve Blood,Electronics,224.6,081b79d6-8f14-4cf0-be34-f68e172c0c47,2403,2024-08-16,Jefferson-Hernandez,3 years,1.2,Yes
Effort In,Home & Kitchen,228.82,77e8050c-fdb6-4cf8-a0f5-dc22b136e3f0,3013,2023-03-30,"Singh, Moore and Hull",3 years,2.9,Yes
Yes Smile,Home & Kitchen,657.98,aa70d057-eda2-49c2-8e11-b9c5d93b889d,1359,2024-09-09,"Shelton, Lowery and Murphy",6 months,2.5,Yes
Show Trade,Clothing,720.12,2d009c77-c8cc-481b-aa15-884ae4041b6a,3191,2025-02-15,"Gonzalez, Lewis and Davis",3 years,2.5,Yes
Management Already,Clothing,384.14,ad2484b6-d475-468d-9e0e-a32c3517c44e,4736,2024-12-18,Arroyo-Kelley,2 years,4.0,No
Write Put,Beauty,397.69,5a7670db-a5b2-4b44-9b5f-f0df2dc003a4,2053,2024-07-27,"Martin, Schroeder and Thornton",6 months,3.4,No
Top Scene,Electronics,776.47,d2dbba46-9125-42a2-b0de-03c3f9b9cf42,2683,2021-10-05,Beard-Williams,3 years,1.4,No
Threat Language,Electronics,704.95,ce7fd86f-d006-45db-8f54-fa0399a6f2a1,2607,2023-05-29,Campbell Group,1 year,3.6,Yes
Arm System,Electronics,137.78,e17a84ac-147e-4483-8391-80618663305e,292,2024-09-13,"Marshall, Webb and Clayton",3 years,1.1,No
Guess Long,Home & Kitchen,835.41,4715cca1-3d6e-4543-b9ee-695a493a1652,2334,2020-11-25,Gutierrez LLC,6 months,2.7,No
Oil Paper,Beauty,571.76,e98ba603-d771-4f20-b9b3-7688fb6e829f,1610,2021-06-02,Anthony PLC,1 year,2.1,Yes
Result Bit,Sports,114.22,0d45d673-9716-49bd-b170-5ac95b75a031,1418,2020-11-21,Clayton Group,2 years,3.9,Yes
Land Travel,Electronics,828.47,0f3d80e9-2962-4bd6-8a17-cbb47145e9a7,777,2020-04-17,Wilkins Ltd,6 months,2.9,Yes
House Under,Beauty,710.32,61be5aa5-4775-4f71-ba82-9cbc1655e4d5,4574,2020-11-23,"Vazquez, Carrillo and Williams",1 year,1.2,No
Before Black,Beauty,869.46,dc9a4df1-9be5-4edc-a971-250967b557e7,4376,2022-01-18,Weiss PLC,1 year,1.9,Yes
Guy Responsibility,Sports,634.18,340fcd0e-59f9-47ad-bc62-bf31212938b5,2977,2024-01-14,Finley-Wilkinson,6 months,3.5,No
Time Figure,Beauty,782.6,a39f91b5-bfe3-471e-aea5-aa7d845bc59d,198,2024-09-07,Lopez-Fields,3 years,1.3,Yes
Task Book,Sports,850.01,0313e80b-7eb1-41a4-b071-a7e4413d6ee3,6,2022-11-30,Rice Ltd,6 months,1.6,No
Body Buy,Sports,189.54,a8ff4378-c040-4da9-8810-e0f05ac37ed6,3631,2021-07-21,Singh Ltd,3 years,3.7,No
Eye Next,Sports,849.53,ef5343cc-638c-4c89-9d95-caac52e69714,327,2024-09-10,Clayton Ltd,6 months,2.9,Yes
Deep Support,Clothing,94.45,31bf92ca-fc31-4a3b-904d-598994610932,1544,2021-04-28,Moore-Peters,6 months,4.9,Yes
Memory Power,Home & Kitchen,789.99,736bfdb9-76e7-4553-9768-30d5f400026b,3619,2025-01-01,Lee-Santiago,6 months,2.4,No
Phone Field,Home & Kitchen,957.65,a1732ff5-5cd2-4eb1-9959-fe8a96bd288c,1564,2022-08-11,Estrada LLC,3 years,2.0,No
All Among,Beauty,516.87,3805932d-2508-4ae1-9e1d-76fdfcafde8d,2943,2024-12-27,Singleton Group,1 year,2.3,Yes
Among Grow,Sports,760.1,be8e7dff-9bae-4291-a730-d27800772083,1745,2021-12-01,"Butler, Le and Harrison",3 years,4.0,No
Guy Know,Home & Kitchen,137.23,0c687d56-45a5-4cf8-9744-1e7c51917dce,704,2022-07-01,"Bryant, Carter and Dalton",2 years,2.5,Yes
It Operation,Beauty,196.64,cca633e0-8175-4414-b398-f70c824f1f08,2386,2020-11-03,"Wells, Hamilton and Smith",1 year,4.5,Yes
General Create,Sports,792.06,a3906c13-7b2d-4e1c-be25-ff1246c250da,1830,2023-03-26,Bradley-Pope,6 months,2.0,No
Social Today,Beauty,123.88,f6f6d5e1-8847-4759-888c-1fd19be22b5e,4455,2022-03-17,"Hawkins, Barnes and Martinez",2 years,3.7,No
Any Young,Electronics,640.5,a3f358d7-51d1-4900-9ac8-56eb18d2486f,1444,2024-05-02,Shaw PLC,6 months,2.4,Yes
Turn Floor,Sports,871.46,e8e1542a-7dd2-455d-a0b9-da59bd3d279e,2462,2020-05-07,Drake-Forbes,3 years,1.1,No
Cut Recently,Sports,502.5,86687c83-5f73-4567-b317-82c95a901098,2406,2022-10-03,Ashley-Smith,2 years,3.7,Yes
Paper Time,Clothing,109.24,ab845652-ab36-4afa-81b7-4307379b1cb8,238,2022-10-29,"Johnson, Gonzalez and Parker",2 years,1.3,Yes
Culture Minute,Clothing,654.71,b7bb3d8d-8393-4dba-95c4-7e115b7097c6,3325,2023-12-14,"Mccormick, Clark and Moreno",6 months,1.3,Yes
Economic Middle,Electronics,311.24,5c5a5006-18de-4adc-b883-7acb8421f620,64,2020-12-10,"Martin, Christian and Cohen",1 year,3.6,No
Water While,Clothing,575.78,a2166c4b-d9da-4a0c-a60b-b093482d9d29,670,2024-01-31,Harris LLC,3 years,4.8,No
Bring Enjoy,Beauty,17.38,6f6e914f-a7f6-4c57-90c3-986e579cb7f4,3888,2024-11-01,"Schneider, Carson and Ramirez",6 months,3.8,No
Popular Recognize,Electronics,75.03,5029929a-10fd-4db9-a104-8f5d9d74a3d1,1203,2021-08-13,Bishop LLC,6 months,4.9,No
Great Administration,Sports,84.24,debefe59-e1e4-44fb-a0b0-d509c266b52b,1849,2022-10-12,Price LLC,6 months,2.7,No
Space Summer,Home & Kitchen,475.21,41395d61-cbaa-4106-bfc2-a321f69f1d6d,383,2022-07-16,"Bowers, Deleon and Johnson",6 months,1.1,Yes
Race Hot,Clothing,361.19,91bf3023-71ff-441b-9aad-c323fd51bddb,3001,2024-04-15,Odom-Knight,6 months,1.9,Yes
Left Response,Sports,507.36,a4dfe86c-f32f-4df8-bb16-2dd2952b8fef,3232,2021-04-30,Luna-Lopez,3 years,1.2,Yes
Southern Civil,Home & Kitchen,319.25,c2ebcfb9-1809-4e1a-8d11-2d92cc4d686d,941,2022-01-10,"Willis, Johnson and Jensen",3 years,4.1,Yes
Phone Economic,Sports,880.52,ca55158e-43f8-4e9a-abdb-6827f8fad8db,3299,2024-05-21,Moreno-Anthony,1 year,2.3,Yes
Wide Discover,Electronics,996.83,44bdb048-2e7c-4ef7-bba4-c5bdc3c82536,3480,2021-06-16,"Torres, Sims and Stewart",1 year,4.7,No
See Side,Home & Kitchen,258.71,551aff21-b675-4bc8-9f3d-5bf9c73dc3c3,1281,2021-05-26,Thompson Group,2 years,4.2,Yes
Star Pm,Clothing,966.95,e77396e5-d394-4029-b58e-1524347bebe5,3150,2022-06-20,Mckinney-Vargas,1 year,2.8,No
First Investment,Home & Kitchen,292.95,b0ae58ce-c7db-412b-a7c4-641fa7cdf943,4737,2023-09-26,White PLC,3 years,2.8,No
Herself Result,Beauty,67.57,bb71b853-9470-42f6-898d-5dc496d3753a,3788,2021-05-15,Stewart Inc,3 years,4.5,No
Month Beautiful,Electronics,326.64,34753968-0a28-47c6-aeaa-796cc8e9dc88,1788,2023-03-01,Walker-Boyer,1 year,4.1,Yes
Argue Turn,Sports,879.27,0f2a7b6c-4c19-471b-a7ce-ebafcd321b1b,2249,2021-10-01,Morgan Inc,1 year,3.6,Yes
Raise Mind,Electronics,281.95,3380e145-767c-42eb-8fbc-60038ac9da43,2044,2025-02-27,Perry Ltd,3 years,4.9,Yes
Present Note,Beauty,490.75,65b9661d-2bb0-4d86-aa91-17791ccffe9c,4946,2020-05-11,Hunt Group,1 year,4.8,Yes
Newspaper Charge,Electronics,555.85,f2435a5a-68b8-406d-9f89-e6a4efb80751,1422,2024-01-07,Neal-Ramirez,1 year,1.5,Yes
Even History,Sports,822.3,6d35f77e-cfb4-4c7e-bb2b-74c069407971,797,2020-11-22,Jenkins-Nunez,3 years,4.9,Yes
It Thing,Electronics,908.27,c45f60f4-1791-4fb6-8eee-62b20f2472ff,2437,2024-03-21,Mays-Arroyo,1 year,3.6,No
Discover Say,Electronics,765.61,0a5b6c7c-31d6-43be-af4c-37389caac18e,1050,2023-08-26,Hoffman Inc,1 year,4.8,Yes
Character Today,Clothing,551.25,d3de7193-aa6a-487d-a2ca-704b3c3f02e7,3255,2023-11-15,Carter PLC,6 months,1.8,No
Wind Total,Clothing,382.97,fd2fa180-5d63-4f77-96e7-30373c812406,2381,2024-07-12,Wilson-Mclaughlin,2 years,3.8,Yes
About Moment,Sports,75.37,2f74e94f-9fc7-48d8-8f2d-dcd18aa88570,684,2020-03-24,Barnes Ltd,3 years,4.7,No
Individual Admit,Clothing,291.6,147a1dd1-30e1-4f2d-a806-61378fc12f63,4955,2020-10-16,"Harrington, Barry and Morgan",6 months,3.9,Yes
Room Sport,Clothing,164.2,8ff93192-3049-41f6-a719-35065e59085a,3713,2022-04-18,Mitchell Ltd,6 months,3.3,Yes
Air Learn,Beauty,938.0,5addd709-96a9-4399-8176-ad167d98bf72,4619,2025-02-28,"Potter, Luna and Wood",6 months,1.1,Yes
Plant Chance,Beauty,815.8,12ece89b-66fd-4194-a276-aa68379e0e73,1136,2022-07-28,"Browning, Oneill and Munoz",3 years,3.3,No
Road Better,Clothing,526.61,4b787f74-4e37-4453-a158-f77a0c41b199,1360,2021-09-26,Richards and Sons,2 years,4.3,No
Budget Whatever,Electronics,131.64,cc2735d4-669c-42c1-95ab-26f429941106,4735,2023-11-06,Nguyen-Terry,3 years,3.8,No
Agent International,Electronics,138.84,3d1d7741-a0f0-434f-9e61-5ca86cebe803,21,2024-05-15,Daniel Inc,2 years,4.4,Yes
Commercial Street,Sports,734.24,bbacdfc7-366e-43d2-8244-c159924a737e,1664,2024-03-04,Barr-Miller,3 years,2.5,Yes
Run At,Clothing,119.02,af70ac71-87c8-4806-ae98-b0cb61a544d3,4783,2022-07-10,Valenzuela-Jones,2 years,2.9,No
Service Security,Beauty,261.71,8255e6ed-0676-450f-9ef5-1532f66a418d,1424,2024-07-29,Smith Inc,2 years,3.7,No
May Book,Home & Kitchen,486.76,15cfff93-a274-42f6-9b85-0f60f0901047,964,2025-02-11,Perez-Martin,1 year,1.5,No
Discuss Anyone,Electronics,597.85,fc9ae806-053d-4cef-9b53-0f6514412d6b,434,2024-09-23,"Munoz, Knight and Welch",2 years,4.3,Yes
Card Senior,Home & Kitchen,459.63,91ef94ac-abcd-4bff-8d2b-f25a43a0ccfe,2735,2023-10-25,Hill LLC,3 years,1.8,No
Even Week,Sports,322.37,d731731e-8488-41d7-9a31-2120b087f569,4116,2021-12-10,Coleman-Knight,3 years,1.8,No
Mission There,Sports,399.88,b448f259-4fe4-400a-b54d-d8e21d91fe48,4571,2022-02-12,Russo and Sons,2 years,1.3,No
Present Skill,Clothing,420.6,796d1610-b657-481c-a15b-7a5daab9ebc8,4958,2020-03-23,Schmidt-Long,1 year,2.2,Yes
Former Town,Beauty,805.5,7621ae1f-6cc7-4a4d-b7dc-58e8d7b07505,2259,2022-06-27,"Obrien, Johnson and Hamilton",2 years,4.4,No
Newspaper Pass,Electronics,944.51,4d219f63-8016-4d55-b949-5989d5d8b7cf,2611,2022-11-30,Rodriguez-Walker,2 years,1.1,No
But Test,Sports,176.88,badb3e11-0126-471b-9745-1cfe3975f039,143,2024-12-20,"Rodgers, Lewis and Howe",6 months,1.4,No
Probably Citizen,Clothing,863.83,9d3766de-928e-4df0-a747-a1336a6af2aa,4240,2022-05-18,Peck-Adams,2 years,1.7,No
Yard Fight,Home & Kitchen,643.74,4aeaa097-554e-45f0-87a2-649f60ebfff0,894,2023-01-01,Cunningham Inc,1 year,1.1,Yes
Knowledge Although,Beauty,39.16,33d4a39f-f287-462d-99eb-95e5b2e3ec27,4390,2022-05-14,Perkins-Davis,1 year,1.9,Yes
Together Red,Sports,324.89,f4ec9fb3-e4b4-43d7-92bd-5a741bc574c4,909,2020-06-15,Hartman PLC,6 months,2.4,Yes
Prevent Life,Sports,56.12,49e8c658-4f00-4801-8953-f92c32a0966c,3385,2021-11-14,Hampton-Perry,6 months,1.7,Yes
Bit Nice,Beauty,661.6,234ac615-3b41-467a-9f97-e8303325997d,1198,2022-08-12,"Ritter, Clark and Martin",2 years,1.8,No
They Step,Clothing,731.67,61d44859-8969-4feb-ae31-ed285cccec82,3166,2020-12-27,"Watson, Vasquez and Grimes",6 months,3.2,No
Increase Culture,Home & Kitchen,215.37,b889a02c-099b-4762-87df-658ecdbecf64,4241,2022-04-28,Edwards and Sons,6 months,4.6,Yes
By For,Clothing,442.24,612ea74b-1f6c-4b70-bda0-322519940175,3779,2022-07-15,Graham Group,3 years,4.3,No
Effort Rather,Home & Kitchen,618.55,bf22bdbe-9bae-412f-bdca-c32a6962de97,1633,2023-07-15,"Reed, Ortiz and Fisher",3 years,1.5,Yes
Analysis Program,Electronics,912.65,67f46850-3c28-48f5-a641-d59d396539ee,2623,2020-03-16,Preston-Jennings,3 years,4.7,No
Best Father,Home & Kitchen,597.66,67e11af6-49d3-4b35-a367-61d6bfad2b9f,1251,2021-11-16,"Gonzalez, Spencer and Gregory",1 year,3.5,No
Serve Floor,Sports,443.24,5f7788c7-ceb9-451b-95bd-f03ccf7fb281,700,2023-04-28,"Rogers, White and Howard",3 years,2.5,No
Cause Land,Home & Kitchen,267.49,eef9a2a3-369a-4d6b-b173-e692c3112c39,2306,2020-06-24,Romero-Contreras,3 years,4.1,Yes
System Memory,Clothing,650.77,94477197-d2e3-4b62-b468-76b114937a7b,2116,2022-06-04,Miller Group,1 year,3.2,No
Question Bring,Beauty,469.5,f72f6d9b-31f7-40c5-afb4-c2892e37b173,4463,2021-01-21,"Ramos, Watson and Cook",3 years,3.6,Yes
Television This,Beauty,162.36,f009c68c-75a4-44a0-80bf-5f91534b8d24,4115,2023-01-15,Meyer PLC,1 year,3.1,No
Officer Painting,Clothing,636.51,fe470e8e-95ea-45a8-b378-5b1d36e9766d,4804,2021-04-16,Barnes-Rivera,2 years,2.3,No
Western Goal,Beauty,916.91,e94acfa9-b1e7-474d-a384-528f48726d3a,4687,2021-04-06,Roberts Inc,2 years,4.7,No
Decision Represent,Electronics,369.31,aaa8d8e6-3607-4a6b-a18e-7aff8b355854,1775,2024-05-30,Jones-Gonzalez,2 years,3.1,Yes
Than Good,Electronics,294.23,32062c36-eb36-4a3f-906f-b5746d90fd0c,2540,2021-11-20,"Robles, Larson and Wallace",6 months,4.2,Yes
Argue Director,Home & Kitchen,346.6,61b92d53-7fa6-47a7-a193-5ff604b79571,3974,2024-07-12,"Gallegos, Arnold and Valenzuela",6 months,1.9,No
Include Consumer,Clothing,539.9,54aaffc9-4e2b-4f52-8c84-ee469d8146b6,275,2024-11-25,"Lee, Le and Thomas",3 years,2.7,Yes
Action Option,Home & Kitchen,917.76,3f165b5e-646c-4cdb-b653-ec38a903f09b,1154,2023-09-27,Boyer-Moore,6 months,1.2,No
Side Respond,Sports,423.08,fdceebb7-d737-48c4-ae89-6788c8d59af0,4954,2021-10-31,Roach-Blake,2 years,4.5,Yes
Fish Career,Home & Kitchen,670.21,f53180d7-2200-405d-9a80-85dce053570d,1575,2024-08-15,"Wilson, Jones and Carter",2 years,1.7,Yes
Nothing Another,Sports,515.38,ba4afaf3-cd5d-4cb5-b381-72094d6449f5,2241,2022-04-14,Phillips-Riddle,3 years,1.8,Yes
A Shake,Beauty,414.13,cd90791b-0999-4088-a1b1-f7a859649af7,3740,2022-11-13,King-Fleming,3 years,3.4,Yes
Minute Behavior,Electronics,534.51,1b93611b-8ff5-45b2-b447-d2ac8b4706e9,3515,2023-09-30,"Griffin, Fitzgerald and Martinez",6 months,3.1,Yes
Walk Standard,Home & Kitchen,549.0,0d21eeaf-ff76-45c0-bcef-6829114ca484,3126,2020-08-02,Vasquez PLC,1 year,3.5,No
Fire Sing,Beauty,44.36,23e1fc83-5be6-4883-91b1-73ab29fb4f20,3881,2021-05-27,Hernandez-Wright,3 years,1.7,Yes
Truth Candidate,Electronics,990.87,74c65f56-eef9-4770-a0dd-04528d9d70d2,4310,2023-08-30,Johnson and Sons,6 months,3.3,No
Charge Science,Home & Kitchen,80.7,a1d8f681-6e30-4d6e-ab8b-c117fe6bf7c4,4330,2020-04-07,Wu-Warren,2 years,1.0,Yes
Build Body,Beauty,215.44,c09e84d4-f9b5-4836-bbaa-3c9f6deb1573,3266,2022-08-18,"Petty, Richardson and Serrano",6 months,2.2,Yes
Single Benefit,Beauty,298.11,c129bc13-fd12-43ca-b41b-7ac3232f1e3e,3896,2024-10-05,Smith Group,6 months,2.5,Yes
Condition Production,Clothing,378.9,acb1499d-e648-435d-ba01-70c09a1aff68,4436,2022-09-11,Ellis-Joseph,1 year,3.5,Yes
Brother Thought,Beauty,863.66,385d4cb5-ae9a-49e3-8620-2d21b538e9da,1170,2022-10-15,"Phillips, Calhoun and Allen",3 years,3.6,No
Sea Outside,Beauty,818.33,48f6a92d-fe06-450f-9024-4d857d59502c,1656,2021-04-27,Harris-Jones,3 years,1.0,Yes
Your Language,Electronics,687.59,fe0c39d7-f1b5-4d00-9012-cf0d4d0b8e55,1948,2024-07-22,Bowman LLC,3 years,5.0,Yes
Seek Born,Beauty,975.15,1c25b1f1-0378-421e-a855-325448e9fa57,2930,2022-06-06,Tyler-Brewer,2 years,3.5,Yes
People Medical,Clothing,739.13,6bd974d6-18fe-4fab-9be7-d9885bd195d2,3563,2024-08-27,Lee Ltd,3 years,4.2,Yes
Consider Outside,Beauty,805.77,5a1022c8-4d38-42e0-ae69-c33526cd2ee5,43,2022-04-28,"Colon, Lewis and Smith",2 years,1.8,Yes
Figure Interest,Electronics,319.11,562555c1-6e12-4c27-bd4c-4be0017d510d,53,2024-01-17,Boyle-Day,3 years,1.2,Yes
Rest That,Electronics,464.45,17ed06de-167d-4da0-ae07-70e0bd7452b4,3903,2025-02-14,"Gardner, Thompson and Patrick",1 year,3.3,No
Able Prove,Beauty,282.1,6eb3c5ff-d732-41f3-b4cf-9160b22a635a,4586,2021-11-09,Morgan Ltd,1 year,4.0,No
Administration Though,Beauty,636.23,551845cb-b3d3-4371-a0a2-b1e027fa17eb,2288,2021-05-19,Patterson PLC,6 months,1.3,No
Your Serve,Home & Kitchen,934.57,e565a836-a83a-4370-891a-36b05458879d,1972,2024-11-25,Hart and Sons,6 months,3.5,Yes
Different Child,Sports,375.68,dc3f26da-65dd-436a-84da-2052e5f012e9,2245,2021-06-12,"Espinoza, Hawkins and Cordova",2 years,4.3,Yes
Tell Indicate,Clothing,265.89,a68e4745-158d-4b3d-97fa-33aeae39e5ec,1874,2020-04-24,"Hamilton, Figueroa and Armstrong",3 years,2.8,Yes
Too Food,Electronics,753.97,abcb1f39-47f9-4a7f-8889-3ec3f366964a,4090,2022-04-26,Gonzalez-Miller,6 months,3.6,Yes
Political Theory,Clothing,232.45,334fd174-4f5c-4b25-a5cb-8f4ff506f7da,1789,2024-10-26,Murillo Ltd,1 year,2.3,Yes
Political Throughout,Sports,560.14,c971ed76-98d5-41d8-b602-0d3b96a022b6,2345,2021-04-08,Ramos Group,3 years,1.7,No
Senior Subject,Beauty,210.04,ce69b965-cb16-4b77-806c-ded4e47be933,4317,2023-03-10,"Johnson, Anderson and Robinson",3 years,4.5,No
May Low,Beauty,234.02,177b3fa7-78bb-4b37-a10e-c0925ec62c83,2820,2024-08-23,Nguyen-Hill,1 year,3.1,Yes
Use Water,Clothing,479.4,36d78a4e-931e-4723-b00f-65baf8711fdd,683,2023-03-24,Taylor LLC,6 months,3.5,No
Picture Cost,Beauty,559.9,ea4aa826-84ba-487e-bc6a-d1ef4026902a,736,2020-04-02,"Bennett, Dean and Ray",3 years,2.3,Yes
Either Production,Clothing,730.88,acd6c3cf-5fd7-4641-b3ba-e699bfd3396f,4034,2022-10-29,Baker and Sons,2 years,3.1,No
Sort Leg,Electronics,336.81,95d03d33-a245-4dff-811c-26ef272fcf2d,3632,2023-03-09,Hull-Owens,6 months,2.6,Yes
Off Approach,Sports,188.28,6fd9e517-6033-47d6-88cd-4e375634539d,3946,2025-01-18,"Crawford, Mendez and Watson",6 months,4.2,No
Unit Spend,Home & Kitchen,159.19,6ae97baa-7d6a-41f3-b4dc-6d45a12a437b,475,2022-11-18,Douglas Inc,1 year,1.1,Yes
Open Pretty,Beauty,225.29,b98cd858-b5bd-41e9-892a-72c2357aefbd,2549,2023-07-03,Elliott and Sons,3 years,2.0,Yes
Interesting Television,Sports,500.71,3db92698-e666-4866-9da9-a625511f0ba3,447,2022-01-21,"Preston, Weber and Ashley",6 months,3.8,No
Capital Between,Home & Kitchen,707.76,42aec3cf-4433-4c49-9348-470d0d33cc17,3505,2022-06-15,Porter-Booker,6 months,4.0,No
Common Former,Sports,88.31,75be109c-7f6a-4545-8ace-cffffd962865,3504,2021-02-18,Underwood and Sons,1 year,2.3,No
Money Blue,Clothing,169.06,a13c5129-7df1-466a-90a2-b6149f9a7bed,374,2022-09-16,Moyer LLC,6 months,1.9,Yes
Require Nearly,Home & Kitchen,899.16,7387048e-2f7b-4c26-9bb6-4167cb71366a,4158,2021-11-23,Gill Group,6 months,4.1,No
Firm Education,Beauty,942.93,954d8b98-fc1e-4654-a88c-693a4c3ba616,1962,2020-09-15,"Roberts, Galvan and Chavez",2 years,1.7,Yes
Anything Develop,Sports,538.46,3d17ddc1-66fd-4f5f-b0bf-fc3dace9ca3e,2752,2022-12-22,Farmer PLC,6 months,1.9,No
Budget Along,Home & Kitchen,227.47,e9ee5e1a-caef-4508-b3a9-399b9a111bbb,761,2022-04-07,"Rodriguez, Smith and Lucas",2 years,2.5,No
Player Movie,Beauty,26.3,732b3a4a-7525-4c02-b188-da98ade2ffbf,236,2024-10-16,Key-Armstrong,1 year,1.4,No
Expert Theory,Sports,305.77,6e8dd763-7d73-4c91-915c-8d3862df0a33,2578,2020-11-06,Smith Group,2 years,2.9,No
Available Individual,Sports,973.53,3d39643e-415e-4337-9d4e-87e965039464,1213,2024-02-21,"West, Leon and Rivera",3 years,3.2,Yes
Other Family,Clothing,519.03,2115c5fb-9f15-43cb-b419-a8e0b98537c0,2230,2024-06-23,Petty and Sons,2 years,1.6,No
Might Hear,Home & Kitchen,648.13,414786b7-7031-4970-8c6b-f4e4b0096ebc,3991,2025-01-11,Gregory-Humphrey,1 year,1.7,No
Able Station,Beauty,991.27,dd038661-1eea-4266-b1a9-83162f101361,788,2022-04-24,Hernandez-Diaz,1 year,4.6,Yes
Smile He,Electronics,543.35,28f3e41f-ea17-497a-9868-fa0a799a2a4f,1098,2023-07-11,"Baldwin, Simmons and Meza",3 years,4.6,Yes
Reveal Say,Electronics,142.37,dfdba642-cd3f-4ecf-9923-7984701226bb,210,2022-06-24,Cobb Group,6 months,4.8,No
Never Professor,Beauty,827.01,d156d239-34be-4c8b-ae85-832b6cc53c6a,787,2024-04-27,Brown-Garcia,1 year,4.5,Yes
Way Report,Sports,281.61,570e85d0-aa6c-4332-b1da-924f736b1ea6,4930,2025-01-07,Phillips Ltd,2 years,3.0,No
Probably Science,Electronics,398.84,b70eb7ef-67fd-4a86-9ebc-504d9122d2b6,396,2021-05-22,Barnes LLC,1 year,4.7,Yes
Fund Call,Clothing,609.84,f85faee6-e010-4637-9512-e9edcbaa49e2,3103,2024-09-03,Larsen Inc,1 year,4.6,No
Southern Put,Electronics,102.11,4f556cce-4eba-45fc-a724-5e8a6289671a,3974,2025-01-05,"Martinez, Dawson and Williamson",3 years,2.8,Yes
Leg Write,Beauty,746.26,efd04a49-a596-4125-b3e1-405997aa3105,1497,2023-12-12,"Soto, Pearson and Choi",3 years,4.4,No
Upon Usually,Clothing,805.14,f45c85f7-48a3-495d-8e70-f9bb1b4d9160,4413,2024-05-13,Kennedy Group,2 years,3.8,No
Next Occur,Electronics,602.78,a8dcef62-2091-4dbf-a151-8270423d05c6,2027,2021-07-25,Zuniga-Gordon,6 months,3.6,No
Dinner Chance,Clothing,867.17,69ad0364-581c-4399-bef0-a1a8d27cd79a,790,2024-03-15,Coleman PLC,6 months,2.3,No
Both Character,Electronics,680.82,3af2c347-7d83-4323-ba5a-5501f16d5ec7,1344,2025-01-05,Robinson-Wilson,2 years,4.2,Yes
Whether Head,Home & Kitchen,689.41,dfe7ad9f-33e6-4cbb-976d-5c9128e4ee06,2642,2023-10-16,"Martin, Shah and Davis",3 years,4.5,Yes
Director Picture,Home & Kitchen,386.88,af3b0cca-a028-4f5a-b559-9a3048693756,2508,2022-11-21,"Wright, Fowler and Smith",2 years,2.0,Yes
Sea Safe,Sports,423.52,7131b12f-e5bf-4371-bf01-1da1706dcdd2,4396,2022-11-19,Hines Group,6 months,4.7,Yes
Truth Away,Sports,657.32,01d057df-d711-499d-90af-8db35ccdde03,1785,2024-04-22,"Crawford, Chan and Gray",3 years,2.5,No
Onto Receive,Home & Kitchen,120.57,5db4275f-cf8a-4083-afd9-965534853c70,3530,2022-11-10,Brown-Wheeler,2 years,3.4,No
To Rule,Clothing,913.25,df0c9ded-e32e-48b2-98bf-76ce0d6283e2,4518,2020-07-12,"Keller, Nguyen and Ray",6 months,5.0,No
By Stand,Sports,239.4,c8eaed09-2a90-40c1-a674-2df60f56491f,2042,2022-10-03,"West, Taylor and Lloyd",3 years,1.5,Yes
Market Newspaper,Home & Kitchen,257.92,90529ea7-aaf5-4889-b702-68ecf37a11ae,2587,2022-03-23,"Bolton, Matthews and Sanchez",6 months,3.1,Yes
Require Senior,Home & Kitchen,85.56,0b59f2e1-f734-4ea7-8ea5-3ba7726122ad,1531,2024-04-19,Williams-Gutierrez,1 year,2.6,Yes
Usually Seven,Electronics,487.1,aff3bfa7-25bf-463b-9e42-bf617b2e8d27,1030,2024-03-11,"Johnson, Le and Pollard",6 months,4.8,Yes
Explain Decide,Sports,636.25,3f150d7b-6c40-4277-bbc2-04930c71535d,1037,2024-05-18,Hernandez and Sons,3 years,4.3,No
Standard Bad,Beauty,196.05,110a0ea8-03a8-4b0b-bd1e-0fbe2042bdcb,1192,2022-07-07,"Murphy, Newton and Smith",2 years,2.8,No
Form Speak,Sports,549.77,9ad953a8-2dec-4911-b1a7-30c00ccda999,1646,2023-09-22,Macias-Johnson,6 months,2.8,No
Particular Away,Sports,849.27,abafa024-7b20-49bc-a20c-755812c655d2,4799,2024-09-19,Harris-Cruz,6 months,3.2,No
Including Training,Clothing,73.77,acc584dc-020e-40c6-a4c0-59f1e4b5b955,60,2022-02-11,Dudley-Gray,2 years,4.8,No
Approach Well,Electronics,658.77,d7c3931e-af7d-4c12-a1a2-7d7552ea141d,1614,2023-07-21,Fisher LLC,1 year,4.2,No
Of Purpose,Clothing,197.2,68193a71-6215-49f9-a12a-04a05abcd1d7,807,2023-03-10,Rasmussen-Gibson,6 months,4.5,Yes
Art Friend,Electronics,769.63,3c939cd3-7636-4f0e-b589-e3d5bf501377,4405,2024-11-23,Alvarez-Walker,1 year,4.1,Yes
Painting Start,Home & Kitchen,456.5,31526ac0-7e32-43e4-9bfd-5e1343952f4e,2648,2023-06-24,Curry PLC,1 year,4.5,Yes
Various Boy,Sports,758.8,c90637ef-5454-4bc3-8223-2429d2c0d00b,193,2021-03-08,Young-Wallace,6 months,4.3,No
Dog Woman,Sports,842.85,34543140-2bd3-4802-b25e-3b884a4a9dd6,4726,2021-11-20,"Pham, Waters and Crosby",6 months,1.0,No
Poor Well,Sports,359.07,6acde3a0-2723-48e8-88c9-4b3b0f08c76b,1008,2022-02-12,Gentry-Burgess,2 years,2.1,No
Business Pull,Clothing,558.39,8f2259c4-b778-4638-886f-9623c0071dcc,4336,2020-03-22,Williams-York,3 years,2.4,Yes
Finish Ball,Beauty,935.72,c11067b6-0e98-416d-8ee4-87b135bf0ecd,3822,2021-12-27,York-Morris,1 year,2.9,Yes
This Movement,Home & Kitchen,485.32,2a203eb1-cd18-445b-ad79-89067057acb6,3108,2022-04-27,Webb PLC,2 years,2.0,Yes
Sound Consumer,Home & Kitchen,638.59,11ce1123-d826-4a7e-94fb-0c856a9ae970,3494,2022-03-20,"Rosario, Cuevas and Graham",2 years,4.9,No
Culture Theory,Electronics,193.62,b95057ed-f3e2-4b38-baf4-ec00d9233f28,1027,2024-07-04,"Murphy, Price and Sampson",1 year,2.2,Yes
Necessary Leg,Beauty,896.76,27ddabb4-6e0b-40d2-bd6a-a49404fc9d09,1588,2024-04-14,Hanson LLC,1 year,4.9,No
Happen Room,Sports,406.98,79fb93e4-07a6-49dd-955a-e34f87128b09,266,2024-10-14,"Hebert, Wright and Ramirez",2 years,3.5,No
Exist Against,Sports,39.01,5e2427ff-f16f-4503-837c-7d5e694372d4,1035,2022-02-02,"Bishop, Allen and Caldwell",2 years,1.1,No
Think Protect,Clothing,149.75,d2a626d7-95c8-4753-9df8-da548f751cc4,4307,2024-04-16,Cunningham Inc,2 years,4.6,No
Director Raise,Electronics,547.94,f2646908-a643-48d5-b97f-51a2e5485b4f,2118,2023-03-21,Brown and Sons,1 year,2.4,No
Lose Heart,Home & Kitchen,371.34,2a073c89-5ad9-44f9-aa73-61ce22f4d09a,4993,2023-01-31,"Miles, Cruz and Ponce",2 years,1.8,Yes
Dinner Level,Clothing,707.75,1648119c-36c9-48d1-acfd-20fc49419c99,3774,2022-04-09,Hopkins Group,2 years,1.9,No
Seven Campaign,Electronics,726.89,3237f437-fab3-4656-87d2-282404719dc5,3277,2025-01-03,Willis Inc,6 months,1.8,No
Expect Talk,Beauty,964.54,fc186a99-161e-4406-b255-57b900a1f685,2748,2024-05-03,Terrell-Ortega,6 months,2.1,Yes
Central Account,Beauty,78.7,a37fdcc8-9ed0-4724-84f5-ed0b02ba08bc,4048,2020-07-12,Jones-Evans,6 months,1.4,Yes
Second Bring,Sports,893.18,5037a209-a8b1-4796-847b-9c680f316f59,3522,2020-06-24,Juarez Group,6 months,2.2,No
Dream Provide,Beauty,607.95,43ada8df-09a6-4127-a8a4-640ba81611a0,4064,2023-12-28,"Jensen, Hardin and Rhodes",2 years,4.2,Yes
Which Apply,Beauty,175.12,c8dc2e73-dad9-4427-a589-8d19a12d99a1,335,2022-01-12,Watson PLC,2 years,2.3,Yes
Center According,Beauty,193.05,20293691-f75b-433b-b755-9b3a251129ba,609,2020-12-03,Hoover LLC,6 months,5.0,Yes
Feeling Beat,Sports,974.31,507b4c9f-a730-4ebf-9b4a-29b9eda692dc,3752,2020-06-21,"Gay, Rivera and Parker",2 years,3.2,No
Serve Challenge,Beauty,285.96,017623e7-af12-49c8-b6be-e0e931993498,4386,2024-04-18,"Castaneda, Vaughan and Schneider",2 years,1.1,No
Difference Style,Electronics,468.27,e58ef768-b4ed-4f35-8b61-eaffe1fbf85e,3405,2023-08-10,"Martinez, Hall and Santiago",2 years,4.1,Yes
Ahead Far,Clothing,890.47,71881775-4f2d-4507-9299-606303eb0854,2225,2021-08-08,Salazar PLC,3 years,4.1,No
Lead Line,Home & Kitchen,242.59,33b59280-6f75-41a3-992d-2e1c09fea4ed,3108,2022-09-08,"Watts, Martinez and Cabrera",3 years,4.3,No
Important Least,Electronics,301.98,1493ba5b-3167-4f49-a3aa-352180087a55,2500,2023-12-25,Ramos-Sanchez,6 months,2.2,No
Everyone Yard,Clothing,426.14,14b53493-ac6b-4e85-84ad-41b3e7ab3e67,389,2024-05-03,Stein-Mccarthy,3 years,3.0,No
Fall Stay,Electronics,230.87,ab7fff63-e48b-4307-8ea8-64f3d2cc61ec,558,2025-02-13,Navarro-Blair,3 years,1.1,Yes
Lose Training,Home & Kitchen,761.43,33f22f22-fafa-4428-a787-675541707af0,2273,2021-06-06,"Black, Le and Mora",3 years,3.9,No
Though Walk,Electronics,964.4,de1178f6-e15b-4d81-9253-e66313947a67,3979,2021-02-01,"Brown, Pitts and Ellis",2 years,2.1,Yes
Into Describe,Home & Kitchen,613.35,d2e3d4bf-6780-43b4-bf42-0dc2baed5a72,2734,2021-09-23,"Simpson, Gonzalez and Wright",3 years,2.6,Yes
Hold Oil,Electronics,565.01,251bc618-2667-4455-8bb5-b0748f86aeda,4918,2024-09-27,Lawrence-Decker,6 months,3.5,Yes
Today Money,Beauty,254.58,bbaebe64-a195-4343-9936-65186e9a94f6,3719,2021-11-03,"Chaney, Castillo and Marshall",2 years,4.7,No
Rule Say,Home & Kitchen,874.1,651804b6-db57-48bf-9637-57f723e6d0ad,3049,2022-02-25,Hunt-Klein,2 years,3.2,No
Be Policy,Home & Kitchen,560.39,e30f849a-9f06-4b83-a7b2-fe427f282289,467,2023-09-08,Terry-Adams,2 years,3.9,Yes
Place Tonight,Electronics,464.81,4c971e53-2c10-4f9b-9bf3-4f633f95a413,674,2024-10-12,"Allison, Reyes and Cooper",1 year,4.0,No
Traditional Suffer,Clothing,377.15,4e8d759d-098d-4cdc-8141-fdc6e9e6101a,1428,2025-01-11,Jones LLC,2 years,2.0,No
Mouth Vote,Sports,801.37,cf9ee382-4778-4907-ada8-7b3307b7cc1b,3114,2020-08-27,Bridges-Fischer,2 years,1.6,Yes
Ever Add,Beauty,374.74,207b0f8f-1aab-4be8-8236-761af2c2cf26,2821,2020-07-07,Stephens-Cook,1 year,3.7,No
Concern Dinner,Beauty,881.08,f4940177-612f-4e08-8e66-d874012716b8,4655,2024-12-30,Crawford-Sullivan,1 year,3.7,Yes
Treat Partner,Home & Kitchen,371.19,9eefa7d0-3d00-4cb7-a987-0c5649628190,2581,2021-04-16,Fowler-Gray,2 years,4.2,No
Chance Leave,Clothing,187.39,199e8c60-3092-4296-ba7e-8dec83b0dd5c,2799,2024-03-08,"Frey, Gutierrez and Bell",1 year,4.7,Yes
Old Book,Beauty,131.52,543d91e8-422d-42ab-b7ea-49bd779e0492,3176,2022-07-19,"Rubio, Ruiz and Ho",2 years,2.9,Yes
Order Admit,Home & Kitchen,125.76,bdb16244-1c60-4448-8187-b57cb09267e3,4393,2021-08-28,Olsen Ltd,3 years,3.1,Yes
Political History,Electronics,588.59,4a3b8e9d-8463-4dfc-9279-6b7fec0147cd,1593,2024-05-11,Williams-Mason,1 year,2.7,No
Reason Nothing,Home & Kitchen,367.15,51808487-0fc4-4c6a-a891-45e7d7836930,303,2022-02-22,Harmon PLC,3 years,4.0,Yes
Firm Law,Home & Kitchen,758.99,91902397-528a-49e5-9b6d-8ec3ec82c681,475,2023-09-14,Gardner PLC,2 years,4.9,Yes
Many Against,Electronics,680.53,fbf422c6-1084-4805-9c0d-e2540925a70c,834,2022-09-27,"Alexander, Bowen and Duke",1 year,2.2,No
Create Place,Clothing,499.03,f322a288-1f80-4f9f-a479-7e64265bf14a,3449,2021-08-21,Burke Ltd,2 years,3.5,Yes
I Act,Clothing,372.9,7a8eb251-5027-483a-9cb4-97cd1c41bd75,118,2022-02-25,"Sullivan, Matthews and Williams",3 years,4.8,Yes
Bring Thing,Clothing,66.24,83ffbedb-48a7-40a8-a85c-4291166f1962,2203,2021-02-04,Walters Inc,1 year,2.0,No
Per Leg,Clothing,399.51,846f2af6-93aa-461d-bc0c-e9ac536570c6,2369,2024-06-07,Ryan-Jackson,6 months,3.2,Yes
Move Might,Clothing,128.66,77a0fde4-fb93-4a73-9d6a-4fa9724c416d,3066,2022-01-02,Le-Johnson,6 months,3.1,Yes
Ahead Establish,Home & Kitchen,961.01,d561fe2c-3418-4b25-9337-d9d1abfa6e35,3903,2022-01-01,"Hunt, Miller and Delgado",6 months,4.7,Yes
Stuff Although,Home & Kitchen,48.07,4c2e71c6-5294-490c-aa05-115f9c860239,64,2022-12-20,Ramos Ltd,1 year,4.5,Yes
Bank Reason,Clothing,690.35,6ae243d1-c731-492a-8e24-c0438b5d8a93,4401,2022-03-19,Williams LLC,2 years,2.0,No
Whom Choice,Clothing,205.94,1da2b7c4-9d33-4dd0-a2b5-09cc3d306938,1681,2023-09-30,"Lynch, Bates and Petty",1 year,2.2,Yes
Husband This,Beauty,632.68,a19ef627-c47e-4cca-a937-21130fcd7bb1,2899,2023-02-20,"Spence, Poole and Cole",3 years,2.5,No
Seek Through,Beauty,511.38,0c26a52a-b9bd-413e-9458-af4071092191,3528,2023-04-07,Perkins-Parks,3 years,2.2,No
Final During,Beauty,141.7,f3bcd5b1-f8a6-47f6-b9fc-101e66ad6489,1284,2024-12-19,"Smith, Hardin and Maldonado",1 year,3.2,No
Choice Expert,Home & Kitchen,843.97,074ca688-83c5-416c-baf1-6b48820eab76,2392,2024-05-31,Knox-Hill,1 year,4.1,Yes
Should Voice,Sports,187.0,f2cd00fb-edff-4ebf-b326-628f1efb7dca,3962,2023-12-03,Smith PLC,6 months,2.0,No
Public Learn,Clothing,767.21,77f184de-5e54-4579-8ff1-9d0f1cfa7c3d,2080,2023-02-01,Campbell PLC,1 year,2.6,No
Herself Must,Home & Kitchen,719.57,5dae9f45-912f-49e1-8e94-2132399c2139,664,2025-01-26,Curtis-Jarvis,2 years,2.5,No
Sign Company,Beauty,572.15,53fd3f7f-c969-4c0c-9497-788fef59e28c,3078,2020-12-20,Larsen-Cooper,1 year,2.2,No
Top Serious,Home & Kitchen,11.52,0fe67d47-d1f5-4f4a-b981-6777488de0c2,3011,2021-10-31,Brock and Sons,6 months,4.8,Yes
Water Opportunity,Electronics,208.17,f2797b31-78a3-4a14-9626-2049ca3daa47,596,2021-05-21,Rojas-Cox,1 year,1.1,Yes
Institution Hand,Clothing,720.35,cc6da56c-ddf7-41fa-a42d-351e205887c2,4539,2020-06-27,Peterson-Myers,2 years,3.8,No
Some Physical,Home & Kitchen,314.76,a7f85507-e445-4769-892b-7a4c66f072df,3678,2022-06-14,Moss Group,2 years,2.7,No
No Property,Clothing,179.78,71503e57-c447-4c4d-9373-9426a68bb82e,516,2021-12-26,Marks LLC,3 years,4.4,No
Hundred Air,Clothing,65.53,60bcb9a0-582e-4c3b-ab12-bcd09d2ebb57,2129,2021-07-19,Lewis-Leon,1 year,2.4,Yes
Time Wind,Sports,582.04,52fecbb8-4d64-43ad-b317-89c700f752f4,3322,2023-12-13,Sherman Ltd,3 years,2.8,No
Technology Consumer,Clothing,906.52,735b28eb-650e-4cc4-ba45-2a9326e926f9,2547,2024-06-12,Rubio Group,3 years,4.5,Yes
Fall Forward,Home & Kitchen,60.66,66a77e25-59ee-4d44-835f-a2c5e1d3f0ba,4747,2022-08-08,"Freeman, Sims and Bell",2 years,1.9,No
Compare Lose,Sports,819.87,462df18f-5d40-4dd3-b56c-083d3b60d9b2,2590,2021-07-09,Wood-Ashley,6 months,3.1,Yes
Government Far,Electronics,196.23,b35e31fb-1b91-44a2-a2f9-0c2b6235fc96,1736,2021-10-15,Lynn-Williams,1 year,2.3,No
Whatever Process,Beauty,272.55,3b9f4f93-0570-4859-ad16-890a69a34cb1,188,2020-04-02,"Gonzalez, Phillips and Bell",1 year,1.3,No
Should Management,Clothing,508.11,b64bed70-9246-4b2a-8e51-67b7806f62f6,755,2021-06-30,Martinez-Lee,1 year,4.1,No
Six Why,Electronics,395.14,8656fa46-aee1-44e7-985b-72e42344ad4e,840,2022-08-06,Huff-George,1 year,5.0,Yes
Easy Sense,Clothing,610.14,da2d1b48-196b-49c3-b876-98719d973aea,1747,2022-12-07,Stewart Ltd,2 years,4.0,No
Show Sometimes,Clothing,943.9,bc8a0db4-653f-4d9f-a185-9930d67c6c5e,2891,2022-10-10,"Ryan, Wilcox and Ward",1 year,3.6,Yes
Social Strategy,Home & Kitchen,986.41,8987a222-50ff-40cc-8e24-f4dbf2420c69,3101,2021-03-23,Glover PLC,6 months,4.5,Yes
Staff Relationship,Sports,325.77,6d7e4759-164d-466d-8514-f89baed18467,2949,2024-02-02,Thornton-Juarez,3 years,1.3,No
Beautiful Save,Clothing,464.17,95bbb9f8-b401-457a-93b0-0ff6db805605,655,2022-10-27,Dickson Inc,3 years,4.6,Yes
Send Say,Beauty,786.58,85309089-0238-48ac-8c82-a2c70bcb6a46,4839,2023-11-13,Green-Hernandez,2 years,1.1,No
Peace Wait,Home & Kitchen,389.08,136dd750-7784-4a10-b330-162ff61524ad,1226,2022-02-09,Barnes Ltd,1 year,2.0,Yes
Live Offer,Home & Kitchen,467.91,ecbe9cac-2b66-410b-949c-699604c45dba,1547,2020-04-25,Chapman Group,6 months,2.7,No
Movement Country,Electronics,724.0,4f885b2b-9e72-493d-bc4a-f22b9fbc78ef,1352,2020-06-10,"Solomon, Hampton and Weber",2 years,3.8,No
Piece Always,Electronics,824.6,d706df26-98d4-4c27-904e-6c359c1bb1ac,2270,2022-10-26,Mcgrath PLC,6 months,1.8,Yes
Them Positive,Clothing,615.9,4d852863-da44-4de6-8866-78115bca8b2c,2378,2021-09-20,Wells LLC,1 year,1.4,Yes
Health City,Home & Kitchen,964.66,5a595a86-c162-43bc-b082-0f76a0b5606f,2893,2021-10-14,"Pierce, Kemp and Perez",1 year,4.1,No
Still Enough,Beauty,900.7,0039f206-ec0c-4cb5-b10f-007de67d38df,2108,2020-11-07,Perez Inc,2 years,3.4,No
Magazine Hand,Electronics,666.25,87551f26-4dc5-4436-981d-660fe7a4b806,303,2021-06-10,Palmer-Williams,6 months,3.3,No
They Around,Clothing,567.73,257ca2af-f9ef-4b5f-8b52-812dd2c8a551,222,2021-07-09,"Garcia, Waller and Graham",3 years,4.4,No
Expect Field,Home & Kitchen,861.66,8d6bcbc6-f3c5-48da-b5e8-bc1d6a8adbbb,3814,2023-08-08,"Hernandez, Taylor and Hill",6 months,3.8,Yes
Probably Door,Home & Kitchen,257.07,0e2969e2-4ecc-45c4-9e01-e092679dec96,1995,2021-04-25,Mendoza-Blackwell,1 year,2.0,Yes
Action House,Beauty,838.26,c980f5d7-ccc7-411e-a089-036b78de95fc,136,2020-08-19,"Chapman, Jackson and Reynolds",3 years,2.5,Yes
College Fear,Beauty,759.29,5157fb6e-46fd-407b-944d-1543b0eb0da9,1558,2021-01-28,Elliott-Johnson,3 years,1.4,Yes
Community Stop,Sports,505.0,c6f330e3-b5ae-4ee4-a36a-657fb15b5e4d,2529,2023-06-16,Kelly-King,6 months,1.2,Yes
Peace Laugh,Sports,970.3,97878855-4d2e-46b2-a4d6-1932699a1d47,1165,2024-02-28,Kline PLC,2 years,1.7,Yes
Central Partner,Clothing,605.99,260b3991-3f94-4185-bf04-ff6d6149ac0d,4958,2022-07-29,Harrell Inc,6 months,3.4,Yes
Floor Through,Clothing,134.78,190ef541-e2b4-4a2c-b837-bd915a530c91,618,2021-05-28,Diaz Inc,2 years,4.0,Yes
War Her,Home & Kitchen,903.26,a59edb75-2992-433d-a749-b263db2c5bfb,4353,2023-12-07,"Wagner, Blanchard and Harrison",2 years,4.0,No
Prevent Mind,Home & Kitchen,551.15,872b89ab-e562-4823-b5c2-7a7a81d5fd42,3162,2020-12-21,Yang Inc,1 year,3.3,Yes
Performance Home,Electronics,589.79,057ab2bd-abdf-49a9-8b71-61ba13b2585c,1618,2024-08-21,Reynolds and Sons,2 years,3.0,No
According Should,Beauty,928.49,f08a1bd6-6125-40a0-8bc9-a898382c09ec,1095,2021-08-16,"Pham, Baker and Smith",2 years,4.4,No
Account Make,Clothing,757.26,c5e25a41-cbb2-4a95-b1c2-bc365b464519,4315,2021-07-11,Collins LLC,2 years,2.6,Yes
Popular Mention,Electronics,248.05,14d650b9-8803-4bd9-a707-4a5f3cb00af9,225,2025-01-18,Rios Group,2 years,1.3,No
Create Final,Sports,615.3,11d9df4e-f932-41e9-ab58-9e9f154497f3,3369,2020-09-25,Bryant LLC,6 months,1.3,No
New Him,Home & Kitchen,213.77,e8c35a28-7227-41f4-bc81-b86bea9e6614,2223,2025-02-26,Garcia and Sons,1 year,4.6,No
West Concern,Electronics,845.5,451746ea-aefe-41db-b0cb-bc979c31a075,2524,2024-02-02,"Burns, Brown and Brooks",3 years,3.5,No
Serve A,Sports,963.92,e649765d-e492-4627-b774-6ffe27dd144f,4307,2023-04-08,Mcfarland PLC,2 years,1.2,Yes
Job Weight,Electronics,883.28,378ee5c4-2ebb-471b-a790-b318d1158b72,1317,2023-04-14,"Davis, Green and Chavez",3 years,2.3,No
Whatever Growth,Home & Kitchen,892.35,cae6983d-1183-40b5-a220-9b764d7a64d4,110,2024-02-02,Moore Inc,1 year,2.4,No
Source Better,Beauty,199.18,0ec3fcc2-3ed1-4206-9a7c-88f78b86cd26,3837,2020-03-19,Donovan Ltd,3 years,2.5,Yes
Book Particular,Home & Kitchen,208.68,99ea89ba-9cce-4b23-8692-8c7104786e83,856,2020-09-12,Arnold-Morris,1 year,3.8,Yes
Task Would,Electronics,434.77,b2afaae2-7959-4dc4-9c37-3f17cc89d6ce,917,2025-02-17,Gutierrez PLC,3 years,4.3,No
Together Can,Home & Kitchen,234.1,6b2d7517-98f2-47ad-88e3-b3dce6b5dde9,189,2023-07-17,Flowers-Lewis,3 years,2.0,No
Race Support,Clothing,271.8,127ff285-2d3a-47ee-b29f-2d63fe7eb23b,4992,2024-01-05,Grant Ltd,3 years,4.9,No
Skin Music,Clothing,845.45,8c0aaf33-93d3-4e9b-9c5b-03100b6fe05a,4184,2022-03-28,"Austin, Howard and Smith",1 year,2.1,Yes
Make Far,Sports,191.37,9853280a-4518-4cfa-abff-054834c44a46,674,2022-08-05,Lawrence LLC,6 months,2.9,Yes
Deal Within,Sports,946.44,6b116c96-5de5-45cb-bad8-6ef3e2b7b296,2166,2022-10-02,"Moore, Hardy and Williams",3 years,1.8,Yes
Cause Customer,Beauty,501.18,7610d2c9-5d78-4f8f-88df-716ba568b4b9,4742,2022-02-15,Wagner PLC,1 year,5.0,Yes
Girl Growth,Beauty,689.97,41b8e314-41d7-4284-be95-84bfc1e32b53,1777,2020-04-21,Salinas Ltd,2 years,1.2,Yes
Age Establish,Sports,883.14,5796aeb7-3257-4ef6-9ab9-ec1283b6b47a,4487,2023-12-12,Vargas-Barton,3 years,4.9,No
Official Many,Home & Kitchen,757.54,6d4b288d-02cd-4a21-87f5-c724804580d0,460,2022-08-25,York Inc,2 years,4.1,No
Big In,Beauty,772.66,32292004-3a48-4ea7-b9ff-0a0ab92599ce,1936,2023-06-11,Mckee Ltd,2 years,1.2,Yes
Information Major,Beauty,798.49,fff4f2d2-b47a-4f9a-9ad4-461574b206d8,3924,2023-01-03,Morris and Sons,2 years,2.5,Yes
However Worry,Sports,881.92,4add772b-b4df-4bdb-b78a-2cde8b4e4074,1083,2020-11-15,"Livingston, Peterson and Smith",2 years,2.7,No
Road Either,Electronics,850.84,24f603dd-b0e6-4f32-9d19-9b93074056c7,3191,2021-05-19,Wilson-Edwards,2 years,4.4,No
Whose Help,Sports,558.58,d3ca9389-6334-452d-8a82-ba832778d482,1822,2022-10-05,"Jacobs, Mckenzie and Gibbs",6 months,4.4,No
A Know,Beauty,857.87,6b6e3bb7-1c26-40f0-8591-a4e18ef59513,2863,2020-08-26,Carter-Lambert,2 years,3.9,No
Big Throughout,Clothing,774.23,f1c3c361-7eda-4293-b17c-77031a209407,4395,2021-08-17,Black Inc,6 months,2.0,No
Best Laugh,Sports,737.64,704c5cdd-7321-4e1f-9e4a-859c1e118d58,2228,2022-01-24,Duncan and Sons,6 months,2.7,No
Fund Page,Clothing,83.97,82b21140-1694-436b-8fc3-cf4862398f03,4769,2024-02-12,"Smith, Garrett and Sellers",2 years,4.1,No
Data Fast,Home & Kitchen,916.52,1a149c6e-6820-4e7c-93c1-f2f94c30b813,4746,2020-08-12,Gilbert-Morgan,1 year,4.4,No
Let Mouth,Beauty,58.74,d0a98277-93ee-4c46-84bc-98edfcd957aa,2637,2022-08-30,Perry Group,3 years,2.5,Yes
Billion Include,Clothing,898.59,e3cd18d4-c2bc-45e9-aced-48c7c7ae1457,556,2023-12-19,Clements-Dodson,6 months,4.0,Yes
Industry Down,Sports,105.06,cbeda0bf-2afc-4070-916d-d94341409ebb,1856,2024-07-17,Ayers LLC,6 months,2.7,No
Likely Send,Clothing,987.74,b4300505-6818-45ab-bf9f-9945ee0fabf4,2591,2024-07-16,"Coleman, Park and Houston",1 year,2.2,No
Kind Simple,Home & Kitchen,666.76,21176932-1dce-479a-acbc-c41c77501034,3368,2020-11-21,Kirby-Coleman,1 year,4.9,No
Degree Need,Home & Kitchen,135.02,e2ea5afa-7d25-4323-9e28-ad6defb854db,792,2021-01-06,"Barnes, Strickland and Alexander",6 months,2.9,Yes
Hope Result,Sports,597.72,0b97a77c-f222-4f46-9509-740e3c1b0f6f,4560,2022-11-23,"Schmitt, Anderson and Perez",3 years,1.8,Yes
Wind Product,Home & Kitchen,361.83,1bab7f23-4a3f-4fad-bd54-8c3547e3766a,3098,2020-07-14,Barrett-Scott,1 year,2.8,No
Level Message,Beauty,232.49,a2a752c4-7f09-4c84-b1eb-d158dfbc30b5,1010,2020-04-28,"Atkins, Decker and Hernandez",1 year,1.5,No
Quality Professor,Beauty,660.83,976dc11e-47c5-4fa3-bbbf-63bd90fa69b8,830,2024-12-24,Foster Group,1 year,4.0,Yes
Theory Suggest,Home & Kitchen,271.27,f96a13c6-dc96-4ecc-afbd-2f554c29de97,3008,2023-07-05,Gonzalez-Evans,2 years,4.3,Yes
American Maintain,Sports,378.71,b0dbb89f-1856-4db5-ab06-4aafe90e282e,4652,2023-06-24,Long Ltd,6 months,2.5,Yes
Eye Occur,Beauty,927.17,21884165-0825-49af-a7ba-823d50bbdd7a,3426,2021-12-25,Smith-Thompson,3 years,3.7,No
Factor Have,Electronics,407.01,b4e08c04-24da-42f6-b3d2-a70c1f66cba2,4715,2024-04-14,Howard and Sons,2 years,2.5,Yes
Indicate Choice,Beauty,297.21,99066077-b61f-4c4f-9366-0528732176b7,3908,2020-09-02,Turner and Sons,1 year,4.9,Yes
Low Support,Electronics,196.56,468cf5b4-c5da-4160-b921-626c12ff6d2c,1625,2021-10-10,Morton-Miller,2 years,4.1,No
Window Read,Clothing,458.3,cb6621c8-9ab9-4870-bc10-51d4b940f603,4871,2022-02-24,Escobar Ltd,1 year,3.3,No
Fine Prepare,Clothing,52.79,71c37896-5dee-48b8-9cfb-e391794643d5,3849,2024-10-03,Allen Ltd,2 years,1.2,No
Population Congress,Clothing,888.13,9f2dcd96-37cd-499d-bb54-5e2d7b797697,2819,2024-05-28,Robinson-Sanchez,2 years,4.6,No
At Her,Home & Kitchen,309.44,f71ae4c5-bdcb-4807-9b1c-f75ac8b58c87,2210,2020-11-27,"Adams, Terry and Mcintyre",6 months,4.7,No
Open West,Sports,804.62,2e282438-e923-4847-bf8a-332ed8cae110,3217,2023-08-15,Ashley-Moore,2 years,4.6,No
Entire Last,Sports,624.17,9a982c7d-6d1f-41ae-b62c-230480fdb443,3749,2023-04-23,Dennis-Todd,2 years,3.5,Yes
Fill Manage,Beauty,532.25,2b43e951-8af1-4172-bc05-c0b7ca8ee821,2803,2020-05-23,Clark-Coffey,2 years,3.3,No
Watch Education,Beauty,398.66,8033782f-9020-4952-8d14-a64f89d52e85,2931,2022-11-02,"Marshall, Lopez and Clark",1 year,1.3,Yes
Community Heavy,Electronics,454.88,45e21962-44c9-4e1b-98e2-33c15bc85b76,3801,2022-10-19,Copeland PLC,3 years,2.3,Yes
Character Audience,Clothing,820.52,b55be46c-e20c-4527-8309-62d4fbcc5595,540,2020-06-06,Miller-Garcia,3 years,1.7,No
Most Value,Clothing,554.6,07b62934-37ad-4203-93df-c3ba0dc0836a,2677,2020-11-24,Branch Ltd,3 years,1.5,No
Market Century,Beauty,422.35,35e39a56-d238-43ad-a958-65de28309b40,256,2022-01-25,Stewart-Wilson,2 years,2.5,Yes
Still Force,Beauty,532.26,cb896933-b0c8-4c0f-9c81-d2e6ee3fcebb,2126,2024-06-27,"Mcintyre, Briggs and Wilson",2 years,1.8,No
By Far,Electronics,161.01,e06a2c52-43bf-47ab-a517-d2d793047351,4039,2020-05-30,Smith-Eaton,6 months,4.5,No
Language Radio,Sports,797.04,cd7b7d6e-547d-4c22-a8eb-f2bb1e1fcd0f,2570,2024-09-14,"Manning, Chang and West",1 year,3.9,No
Take Little,Sports,75.44,29837f56-7c7d-4d70-bc5c-2ae951176f60,890,2024-07-14,Norton Ltd,1 year,3.1,Yes
Drop Provide,Electronics,265.96,56d707f9-13bf-4e69-8e25-b70907b40978,4903,2021-04-19,Chambers-Foley,1 year,4.1,Yes
Wait Green,Beauty,20.75,955ac58a-169a-41b3-9bb7-2ac682aeda0d,2403,2023-06-14,Williams Inc,2 years,2.7,Yes
Series Visit,Sports,10.53,2424d7d5-0a7d-40c3-8bd5-1dd8d9ba804a,1257,2025-02-11,"Bell, Singleton and Jones",1 year,3.1,Yes
Science Hope,Clothing,758.78,8b53801f-cb9d-4e50-bae6-04cc632c27d8,2833,2025-01-25,Taylor-Smith,1 year,3.2,Yes
Since Language,Electronics,473.03,23eb4aa9-641d-4ef5-8a0f-4cd71d596c23,2006,2020-10-03,"Mayer, Jones and Nelson",6 months,2.7,No
Throw Card,Electronics,744.02,a0fef072-f951-4a01-9162-ed2f01d65061,3964,2022-10-22,"Alexander, Lopez and Jones",3 years,1.7,Yes
Movie Weight,Sports,990.54,05d787f5-5c43-4a63-b9ae-24f9f83a0f8b,2163,2022-03-08,Phillips LLC,2 years,1.9,Yes
Drop Choice,Clothing,730.23,378782fe-fa54-4809-84e3-05bde2ab8f70,961,2023-08-29,Anderson and Sons,1 year,3.2,No
Difficult Dinner,Sports,474.72,4a8e78cf-aab1-47a6-8837-9df242d1bf04,2109,2024-06-24,Haas and Sons,1 year,2.6,No
Group Bar,Clothing,671.09,ba911b31-7203-44f3-bb2a-aef84a6fdf33,4940,2022-11-04,Barnes Inc,2 years,2.7,Yes
Accept Star,Electronics,262.76,ccdd98bb-e08e-4594-9919-129cbe961049,3451,2023-06-13,"Campbell, Johnson and Beck",6 months,3.5,No
Memory Threat,Home & Kitchen,563.01,d96de281-8cae-434a-b218-bfbc081bed90,3458,2021-05-06,Allen Inc,6 months,2.1,No
Choose The,Electronics,595.96,1f7b23fd-216c-4f3c-a0cf-46c83e10f059,780,2023-12-12,Howard and Sons,2 years,4.8,Yes
Care Next,Home & Kitchen,147.23,925b49f0-195a-4478-98e6-475106eed86c,1965,2025-02-23,"Wyatt, Thomas and Briggs",6 months,1.1,No
Bill Full,Sports,959.57,c1bd2be1-7c8e-4de5-8381-0c40203233c8,1139,2023-10-02,Wright Inc,1 year,3.8,Yes
Condition Put,Home & Kitchen,220.2,bb2af50a-b3fd-4cbd-b191-9f23df8fb486,3749,2024-02-20,Wilson-Daniels,1 year,2.1,Yes
Business Question,Clothing,768.69,23ae5f12-4486-4d71-a8a2-4038d3a2a50a,581,2021-02-09,Smith LLC,1 year,2.0,Yes
Group Protect,Sports,906.7,fa20cf47-f71d-4422-aee6-1cd9f1109cfe,824,2020-07-20,Lopez-Hernandez,3 years,4.6,Yes
Girl Surface,Beauty,990.16,356229a7-49a0-40a2-9a3b-7869b65fdea2,3351,2020-07-15,Boyd PLC,2 years,3.5,No
Ground Trouble,Clothing,681.96,ea694543-bb05-42b3-8c59-5e134af841a0,1953,2022-08-05,"Salinas, Taylor and Rose",2 years,1.2,Yes
Scene Notice,Beauty,402.84,522ca9fb-41ca-4580-89af-2d0cd5554167,4577,2022-01-14,Sutton-Thomas,1 year,1.5,Yes
Serious Always,Clothing,817.14,f5fa00fa-6e37-43b5-ad87-44dca1065395,2031,2023-07-14,Schneider LLC,3 years,1.7,Yes
Prevent Research,Electronics,524.15,c68ebd7f-b659-40aa-9e5a-5a74fe894cbe,1268,2020-12-30,"Blake, King and Walker",6 months,3.6,Yes
Project Forget,Sports,697.93,d4e039ee-11e5-44e3-92db-7334dafb07df,602,2022-07-14,Donovan-Bradley,2 years,2.2,Yes
Sure Real,Clothing,17.87,46bbaab0-cdf8-41b5-b854-ce15b54bcc4e,224,2022-09-30,Duran-Scott,2 years,4.9,Yes
Goal Meet,Electronics,661.12,42b99881-f55e-49b1-a3a2-0a3b5f852ef6,2451,2021-10-05,Brown PLC,2 years,4.0,No
Local Republican,Beauty,626.75,c54c526f-a63a-414b-b086-e61595ed10c9,1551,2023-07-10,Garcia-Garcia,3 years,1.1,Yes
Year Several,Electronics,933.67,3c23f552-c462-4378-bc68-d2f721bca08f,229,2023-10-13,Andersen-Parrish,1 year,1.3,No
His Great,Beauty,75.4,13f90201-548a-4d9d-8cb5-5cd4e2343155,4943,2022-01-08,Wilson LLC,3 years,1.3,No
Outside Once,Sports,377.93,d799a401-8654-4039-aa34-ce0de4a0b5b5,436,2020-12-25,Russell and Sons,6 months,2.5,Yes
Quite Wish,Sports,631.62,d824f50b-e93f-43c3-8ab0-55f164f27ef4,3703,2022-07-20,"Snyder, Strong and Arnold",2 years,4.2,Yes
Wait Economic,Beauty,75.5,bb554d70-dbe9-4a30-82ae-6d960db4932e,329,2023-10-10,Mccarthy PLC,1 year,4.8,No
Expert Full,Sports,133.92,e2f02b3a-0246-41cb-a482-371203efef54,2669,2020-08-03,"Carroll, Wilson and Wright",6 months,3.2,Yes
Coach Subject,Clothing,337.17,538b1339-16b3-4498-a433-ba08247da430,4567,2024-12-29,Wilson Group,2 years,3.4,Yes
Particularly High,Beauty,360.53,761b0658-3816-4657-ad9b-218b901b0367,1934,2024-04-23,Mclean-Richardson,2 years,1.9,No
Particularly Find,Electronics,820.41,a03c3d02-21dc-4ad9-86de-94bcdab34fe5,4076,2024-08-04,Mann LLC,2 years,4.5,No
Figure Radio,Clothing,624.01,da7eedcc-614d-4d85-9747-bd23f26b774e,3166,2023-09-09,Massey PLC,2 years,4.6,No
Approach Player,Sports,887.88,2bcd2878-6875-47a0-a205-88fc772a17a4,4360,2021-03-12,Payne Ltd,2 years,4.4,No
Those Enough,Electronics,889.52,90650902-5707-4070-ba46-2bf3551b8f05,800,2024-01-25,Mcknight Ltd,3 years,3.2,No
Scientist From,Beauty,204.01,bef514a3-1501-4bd0-8f7e-923fc3873608,4645,2023-06-29,Bradford and Sons,3 years,3.2,No
Special Door,Clothing,271.86,2cc99c9b-f637-4882-a778-18aba300af0c,2145,2023-11-24,Stevenson-Stanley,2 years,1.9,Yes
Policy Start,Electronics,170.72,c04e3d72-3bcf-49d6-b820-7638e17e015c,669,2022-11-06,Foster-Ford,3 years,2.9,No
Heart Off,Electronics,501.55,c3537cc8-2285-4ed9-b028-eed9d29e60e6,686,2020-11-30,Lucero Group,3 years,2.6,Yes
Shake Office,Beauty,759.5,161b1304-9dc4-4f95-988b-eeeb258d54ab,3410,2023-04-30,"Cruz, Kelly and Gonzales",3 years,3.8,Yes
Lot At,Clothing,222.6,13bc3b40-8b38-416a-87cc-179a488dd885,2390,2020-09-03,Diaz-Spears,1 year,4.5,No
Nor Side,Electronics,588.63,26ba48c5-72e9-467e-82be-6b976a819b30,1694,2021-01-05,Mercer-Proctor,3 years,3.3,Yes
Exactly Season,Home & Kitchen,861.95,5ab3cbdd-3071-4c6b-b791-b6f96d2ae779,1096,2023-02-17,Sexton PLC,2 years,3.4,No
Agency Respond,Clothing,726.19,eb394409-d830-448d-8295-29a167bb9b6c,3470,2020-06-08,Harrison-Perez,1 year,3.0,No
Far Born,Home & Kitchen,534.93,51424029-9a97-40a2-9551-5c3f46cd2b47,2702,2020-10-11,Campbell PLC,3 years,3.7,Yes
Ten Important,Sports,669.44,d7843ea9-5d1d-4b9e-9144-cc4cb45da6eb,1841,2023-08-03,Weiss Ltd,1 year,2.3,No
Population Leg,Home & Kitchen,162.93,d0c363b6-0d46-4302-957a-d2453134a39d,1367,2024-01-16,"Sanchez, Ruiz and Reed",2 years,1.6,Yes
Knowledge Subject,Sports,422.92,bf6a7f86-0022-489f-868d-6f0711ffaf2b,3750,2024-11-07,"Ho, Dunlap and Guerrero",6 months,1.8,No
Represent Individual,Home & Kitchen,281.21,1dc4e7a3-9ed0-43bc-b3d2-e943f65932b6,1456,2024-11-17,Oliver-Black,2 years,4.4,No
To Shake,Sports,110.54,7226d577-3f25-421d-87ec-1f5456bf24ce,3883,2024-11-03,Williams Group,6 months,2.1,No
Room Left,Sports,307.84,4801c1a5-e6d9-4b91-85ca-00a78534db9d,2082,2024-07-06,"Newman, Morris and Miller",6 months,2.3,No
Feeling Him,Home & Kitchen,347.68,8fb9a301-e4fe-421b-8dc9-6c6b69df47c7,2139,2020-03-09,Hall-Fox,1 year,4.0,Yes
Force Fund,Sports,997.73,5c740a4e-b935-4e19-975d-486318087951,705,2023-05-27,Gonzales LLC,1 year,1.1,No
Money Goal,Clothing,409.31,b2671405-326d-42bb-9ff8-9493cee24f34,4445,2020-03-25,Lawrence LLC,1 year,2.2,No
Less Happy,Clothing,301.16,25c67889-21ea-4689-af0e-78e7dd660452,4057,2022-12-04,Phillips-Warner,2 years,2.5,No
Then Purpose,Sports,161.3,c32df2d5-a5ca-4f61-a62d-278bdf9eea66,760,2020-05-03,Douglas-Cooper,2 years,2.7,No
Even Need,Sports,487.09,f1e4cbab-d471-4cc4-bd59-313c516da203,925,2022-06-16,Hendricks-Arnold,6 months,2.6,No
Compare Industry,Electronics,985.74,b3184315-c742-41e3-a390-5b31a1f0a51f,1165,2024-08-14,Sanchez-Jackson,6 months,2.0,No
Bank Plant,Sports,86.22,87043b44-f788-47e9-aef3-afa884663f47,3942,2024-10-22,Cruz LLC,6 months,4.1,Yes
We Pull,Beauty,209.89,56e8e44a-b4a3-40f5-9432-ae7817ce7b7b,1409,2023-06-02,"Chapman, May and Ewing",6 months,1.7,No
Raise A,Electronics,613.12,0b6933b8-1437-4f96-bdf0-f6bd43e3d70f,3631,2023-02-27,Knight and Sons,2 years,2.0,No
Word Wife,Electronics,261.59,9477f114-5f2c-49bb-b267-20359680fbb7,2650,2023-06-05,Smith PLC,1 year,1.6,Yes
Expert Brother,Sports,129.48,473abebe-7c37-481b-a230-128b09d7a8b5,83,2023-06-01,Silva-Morris,3 years,4.4,No
Future Century,Beauty,157.17,3f33b8f7-0c47-4cf3-935c-0bb4da1b8931,1128,2022-07-10,Pena Ltd,6 months,2.7,Yes
Cup Dark,Clothing,544.85,40cbd943-a4cb-4a83-baab-9a091d13e3ff,2965,2022-08-10,Becker Group,3 years,4.0,Yes
Add Available,Sports,879.65,7e6c0d48-3ed8-4942-8d72-53cc87206743,4171,2023-01-25,"Black, King and Schultz",6 months,4.7,Yes
